id,bip_39_word_space_10,bip_39_word_new_br_12,bip_39_word_new_br_3,bip_39_word_underscore_10,part_number_name,size_no_space_upper_length_1,description_extra,size_no_space_upper_length_2,description_main_upper_length_2,oomp_word,bip_39_word_space_3,description_extra_capital,color_upper,bip_39_word_no_space_11,classification_upper_length_6,size_length_3,size_upper_length_5,type_first_letter,bip_39_word_underscore_7,classification_upper_length_2,description_main_upper_length_5,description_extra_first_letter,bip_39_word_dash_4,kicad_reference,bip_39_word_dash_5,bip_39_word_no_space_7,bip_39_word_underscore_5,size_length_6,bip_39_word_no_space_5,description_main_capital,description_main_length_2,type_length_4,bip_39_word_dash_2,name_no_size,description_extra_upper,type_no_space_length_1,oomp_word_emoji_list,size_only_numbers_no_zeros,oomlout_bolt_color,bip_39_word_new_br_11,type_length_1,description_main_no_space_upper_length_4,oomlout_bolt_length_no_unit,classification_upper_length_4,classification_no_space_length_4,type_length_6,classification_no_space_upper_length_1,type_upper_length_1,bip_39_word_space_2,classification_length_5,description_main_name,bip_39_word_dash_8,bip_39_word_new_line_5,description_main_no_space_length_3,size_upper_length_6,md5_10,classification_no_space_upper_length_4,name_no_size_short,bip_39_word_new_line_10,part_number_capital,bip_39_word_new_br_10,type_length_3,type_upper,filter,oomlout_bolt_md5_6_alpha_first_3_upper,oomlout_short_code_upper,size_upper,oomp_word_emoji,classification_length_6,bip_39_word_new_line_12,color_capital,description_main,oomlout_bolt_length,classification_no_space_length_1,bip_39_word_dash_7,bip_39_word_space_5,size_no_space_length_3,size_no_space_length_4,size_length_5,oomlout_bolt_head_type,description_main_first_letter,color_first_letter_upper,size_length_1,oomp_key,markdown_short,type_upper_length_4,bip_39_word_space_9,bip_39_word_underscore_12,size_upper_length_3,description_main_length_1,description_main_no_space_length_1,classification,type_no_space_length_3,bip_39_word_new_line_7,size_no_space_length_5,size_upper_length_2,description_extra_name,md5_10_upper,id_no_type,short_code,type_upper_length_6,bip_39_word_new_line_3,id,oomlout_bolt_head_type_diagram,md5_5_upper,bip_39_word_new_line_2,bip_39_word_underscore_8,part_number_first_letter_upper,description_main_upper_length_1,bip_39_word_no_space_8,bip_39_word_space_11,description_main_length_3,name,name_no_type,classification_capital,classification_no_space_upper_length_6,bip_39_word_underscore_9,size_upper_length_1,md5_6_alpha,oomlout_bolt_md5_6_last_3_upper,github_link,directory,oomlout_bolt_md5_6_alpha_last_3,bip_39_word_dash_9,bip_39_word_new_line_4,type_length_5,description_main_no_space_upper_length_1,bip_39_word_new_br_7,md5_5,description_main_no_space_length_4,type_upper_length_5,id_no_size,classification_upper,bip_39_word_new_br_1,type_upper_length_3,type_upper_length_2,description_main_no_space_length_6,classification_first_letter,color_name,oomlout_bolt_size,classification_no_space_length_6,bip_39_word_dash_1,bip_39_word_dash_3,bip_39_word_space_12,bip_39_word_no_space_9,classification_length_2,oomlout_bolt_md5_6_alpha_last_3_upper,bip_39_word_dash_10,classification_no_space_upper_length_5,description_only_numbers_short,bip_39_word_underscore_2,size_no_space_length_2,part_number_upper,description_main_length_4,oomlout_bolt_type,bip_39_word_new_line_6,size_no_space_length_6,size_name,description_main_upper_length_3,bip_39_word_no_space_3,bip_39_word_new_line_1,description_or_color,md5_6_alpha_upper,bip_39_word_new_br_6,classification_upper_length_1,size_no_space_upper_length_4,type_no_space_upper_length_6,description_main_no_space_upper_length_2,classification_length_1,classification_first_letter_upper,bip_39_word_underscore_4,bip_39_word_new_line_9,classification_no_space_upper_length_3,bip_39_word_underscore_11,classification_no_space_upper_length_2,color,id_no_class,manufacturer,part_number_first_letter,type,type_first_letter_upper,oomp_word_list,type_no_space_length_6,oomlout_bolt_md5_6_first_3_upper,oomlout_bolt_md5_6_last_3,bip_39_word_space_7,description_main_upper_length_4,bip_39_word_no_space_1,classification_no_space_length_2,bip_39_word_no_space_12,bip_39_word_space_0,part_number,type_no_space_length_5,type_no_space_upper_length_5,oomlout_bolt_md5_6_first_3,oomlout_bolt_type_diagram_diagram,classification_length_4,size_first_letter_upper,name_no_color,bip_39_word_no_space_6,description_extra_first_letter_upper,description_main_upper,short_code_upper,bip_39_word_space_1,size_no_space_upper_length_5,link_main,bip_39_word_new_line_8,size_capital,description_only_numbers,size_no_space_length_1,bip_39_word_dash_6,description_main_first_letter_upper,oomlout_bolt_md5_6_alpha_first_3,description_main_no_space_upper_length_5,bip_39_word_no_space_10,description_main_length_5,size_first_letter,manufacturers,classification_length_3,description_main_no_space_upper_length_6,bip_39_word_dash_11,size_length_2,from_yaml,classification_no_space_length_5,description_main_length_6,size_length_4,bip_39_word_underscore_1,bip_39_word_new_br_8,type_no_space_upper_length_1,md5_6_upper,manufacturer_first_letter_upper,size_only_numbers,bip_39_word_no_space_4,bip_39_word_space_6,type_no_space_upper_length_2,id_no_color,bip_39_word_space_4,type_no_space_length_4,type_name,description_main_upper_length_6,bip_39_word_new_line_11,distributors,bip_39_word_new_br_2,classification_name,bip_39_word_underscore_3,classification_no_space_length_3,bip_39_word_new_br_5,bip_39_word_new_br_9,md5,size_upper_length_4,color_first_letter,size_no_space_upper_length_3,type_capital,type_length_2,manufacturer_upper,description_main_no_space_length_5,oomlout_bolt_name,name_no_class,description_or_color_upper,manufacturer_capital,type_no_space_upper_length_4,md5_6,type_no_space_length_2,bip_39_word_no_space_2,description_main_no_space_length_2,markdown_full,bip_39_word_space_8,bip_39_word_underscore_6,size_no_space_upper_length_6,manufacturer_first_letter,type_no_space_upper_length_3,description_main_no_space_upper_length_3,manufacturer_name,bip_39_word_new_br_4,size,oomlout_short_code,classification_upper_length_5,bip_39_word_dash_12,classification_upper_length_3
hardware_nut_m6,evoke hammer soda misery attitude embark offer flag thought limit,evoke<br>hammer<br>soda<br>misery<br>attitude<br>embark<br>offer<br>flag<br>thought<br>limit<br>coil<br>absorb,evoke<br>hammer<br>soda,evoke_hammer_soda_misery_attitude_embark_offer_flag_thought_limit,,M,,M6,,alien goat ring,evoke hammer soda,,,evokehammersodamiseryattitudeembarkofferflagthoughtlimitcoil,HARDWA,m6,M6,n,evoke_hammer_soda_misery_attitude_embark_offer,HA,,,evoke-hammer-soda-misery,,evoke-hammer-soda-misery-attitude,evokehammersodamiseryattitudeembarkoffer,evoke_hammer_soda_misery_attitude,m6,evokehammersodamiseryattitude,,,nut,evoke-hammer,M6,,n,"[':alien:', ':goat:', ':ring:']",6,,evoke<br>hammer<br>soda<br>misery<br>attitude<br>embark<br>offer<br>flag<br>thought<br>limit<br>coil,n,,,HARD,hard,nut,H,N,evoke hammer,hardw,,evoke-hammer-soda-misery-attitude-embark-offer-flag,"evoke
hammer
soda
misery
attitude",,M6,0c5aa07f07,HARD,M6,"evoke
hammer
soda
misery
attitude
embark
offer
flag
thought
limit",,evoke<br>hammer<br>soda<br>misery<br>attitude<br>embark<br>offer<br>flag<br>thought<br>limit,nut,NUT,,,N6M,M6,:alien: :goat: :ring:,hardwa,"evoke
hammer
soda
misery
attitude
embark
offer
flag
thought
limit
coil
absorb",,,,h,evoke-hammer-soda-misery-attitude-embark-offer,evoke hammer soda misery attitude,m6,m6,m6,,,,m,oomp_hardware_nut_m6,[hardware_nut_m6](https://github.com/oomlout/oomlout_oomp_current_version_messy/tree/main/parts/hardware_nut_m6)<br><br>,NUT,evoke hammer soda misery attitude embark offer flag thought,evoke_hammer_soda_misery_attitude_embark_offer_flag_thought_limit_coil_absorb,M6,,,hardware,nut,"evoke
hammer
soda
misery
attitude
embark
offer",m6,M6,,0C5AA07F07,m6,nu6,NUT,"evoke
hammer
soda",hardware_nut_m6,,0C5AA,"evoke
hammer",evoke_hammer_soda_misery_attitude_embark_offer_flag,,,evokehammersodamiseryattitudeembarkofferflag,evoke hammer soda misery attitude embark offer flag thought limit coil,,Hardware Nut M6,M6,Hardware,HARDWA,evoke_hammer_soda_misery_attitude_embark_offer_flag_thought,M,hcps,,https://github.com/oomlout/oomlout_oomp_part_src/tree/main/parts/hardware_nut_m6,parts/hardware_nut_m6,,evoke-hammer-soda-misery-attitude-embark-offer-flag-thought,"evoke
hammer
soda
misery",nut,,evoke<br>hammer<br>soda<br>misery<br>attitude<br>embark<br>offer,0c5aa,,NUT,m6,HARDWARE,evoke,NUT,NU,,h,,,hardwa,evoke,evoke-hammer-soda,evoke hammer soda misery attitude embark offer flag thought limit coil absorb,evokehammersodamiseryattitudeembarkofferflagthought,ha,,evoke-hammer-soda-misery-attitude-embark-offer-flag-thought-limit,HARDW, ,evoke_hammer,m6,,,,"evoke
hammer
soda
misery
attitude
embark",m6,M6,,evokehammersoda,evoke, ,HCPS,evoke<br>hammer<br>soda<br>misery<br>attitude<br>embark,H,M6,NUT,,h,H,evoke_hammer_soda_misery,"evoke
hammer
soda
misery
attitude
embark
offer
flag
thought",HAR,evoke_hammer_soda_misery_attitude_embark_offer_flag_thought_limit_coil,HA,,nut_m6,,,nut,N,"['alien', 'goat', 'ring']",nut,,,evoke hammer soda misery attitude embark offer,,evoke,ha,evokehammersodamiseryattitudeembarkofferflagthoughtlimitcoilabsorb,"['evoke', 'hammer', 'soda', 'misery', 'attitude', 'embark', 'offer', 'flag', 'thought', 'limit', 'coil', 'absorb']",,nut,NUT,,,hard,M,M6,evokehammersodamiseryattitudeembark,,,NU6,evoke,M6,https://github.com/oomlout/oomlout_oomp_current_version_messy/tree/main/parts/hardware_nut_m6,"evoke
hammer
soda
misery
attitude
embark
offer
flag",M6,,m,evoke-hammer-soda-misery-attitude-embark,,,,evokehammersodamiseryattitudeembarkofferflagthoughtlimit,,m,[],har,,evoke-hammer-soda-misery-attitude-embark-offer-flag-thought-limit-coil,m6,False,hardw,,m6,evoke,evoke<br>hammer<br>soda<br>misery<br>attitude<br>embark<br>offer<br>flag,N,0C5AA0,,6,evokehammersodamisery,evoke hammer soda misery attitude embark,NU,m6,evoke hammer soda misery,nut,Nut,,"evoke
hammer
soda
misery
attitude
embark
offer
flag
thought
limit
coil",[],evoke<br>hammer,Hardware,evoke_hammer_soda,har,evoke<br>hammer<br>soda<br>misery<br>attitude,evoke<br>hammer<br>soda<br>misery<br>attitude<br>embark<br>offer<br>flag<br>thought,0c5aa07f0758332d210758db9c5a2270,M6,,M6,Nut,nu,,,,Nut M6, ,,NUT,0c5aa0,nu,evokehammer,,[hardware_nut_m6](https://github.com/oomlout/oomlout_oomp_current_version_messy/tree/main/parts/hardware_nut_m6)<br>[nu6](https://github.com/oomlout/oomlout_oomp_current_version_messy/tree/main/parts/hardware_nut_m6)<br>[Hardware Nut M6](https://github.com/oomlout/oomlout_oomp_current_version_messy/tree/main/parts/hardware_nut_m6)<br><br>,evoke hammer soda misery attitude embark offer flag,evoke_hammer_soda_misery_attitude_embark,M6,,NUT,,,evoke<br>hammer<br>soda<br>misery,m6,n6m,HARDW,evoke-hammer-soda-misery-attitude-embark-offer-flag-thought-limit-coil-absorb,HAR
hardware_set_screw_m6_25_mm_length,family example kite pottery sick fatigue update cliff agree chimney,family<br>example<br>kite<br>pottery<br>sick<br>fatigue<br>update<br>cliff<br>agree<br>chimney<br>bullet<br>audit,family<br>example<br>kite,family_example_kite_pottery_sick_fatigue_update_cliff_agree_chimney,,M,,M6,25,train pig chicken,family example kite,,,familyexamplekitepotterysickfatigueupdatecliffagreechimneybullet,HARDWA,m6,M6,s,family_example_kite_pottery_sick_fatigue_update,HA,25_MM,,family-example-kite-pottery,,family-example-kite-pottery-sick,familyexamplekitepotterysickfatigueupdate,family_example_kite_pottery_sick,m6,familyexamplekitepotterysick,25 mm Length,25,set_,family-example,25 mm Length,,s,"[':train:', ':pig:', ':chicken:']",6,,family<br>example<br>kite<br>pottery<br>sick<br>fatigue<br>update<br>cliff<br>agree<br>chimney<br>bullet,s,25MM,25,HARD,hard,set_sc,H,S,family example,hardw,25 mm Length,family-example-kite-pottery-sick-fatigue-update-cliff,"family
example
kite
pottery
sick",25m,M6,f03c4a0028,HARD,25 Mm Length,"family
example
kite
pottery
sick
fatigue
update
cliff
agree
chimney",,family<br>example<br>kite<br>pottery<br>sick<br>fatigue<br>update<br>cliff<br>agree<br>chimney,set,SET_SCREW,,9DG,SS6M25,M6,:train: :pig: :chicken:,hardwa,"family
example
kite
pottery
sick
fatigue
update
cliff
agree
chimney
bullet
audit",,25_mm_length,25 mm,h,family-example-kite-pottery-sick-fatigue-update,family example kite pottery sick,m6,m6,m6,Bolt,2,,m,oomp_hardware_set_screw_m6_25_mm_length,[hardware_set_screw_m6_25_mm_length](https://github.com/oomlout/oomlout_oomp_current_version_messy/tree/main/parts/hardware_set_screw_m6_25_mm_length)<br><br>,SET_,family example kite pottery sick fatigue update cliff agree,family_example_kite_pottery_sick_fatigue_update_cliff_agree_chimney_bullet_audit,M6,2,2,hardware,set,"family
example
kite
pottery
sick
fatigue
update",m6,M6,,F03C4A0028,m6_25_mm_length,ss625,SET_SC,"family
example
kite",hardware_set_screw_m6_25_mm_length,head_type_diagram.png,F03C4,"family
example",family_example_kite_pottery_sick_fatigue_update_cliff,,2,familyexamplekitepotterysickfatigueupdatecliff,family example kite pottery sick fatigue update cliff agree chimney bullet,25_,Hardware Set Screw M6 25 mm Length,M6 25 mm Length,Hardware,HARDWA,family_example_kite_pottery_sick_fatigue_update_cliff_agree,M,9dg7e,C4A,https://github.com/oomlout/oomlout_oomp_part_src/tree/main/parts/hardware_set_screw_m6_25_mm_length,parts/hardware_set_screw_m6_25_mm_length,7e,family-example-kite-pottery-sick-fatigue-update-cliff-agree,"family
example
kite
pottery",set_s,2,family<br>example<br>kite<br>pottery<br>sick<br>fatigue<br>update,f03c4,25mm,SET_S,25_mm_length,HARDWARE,family,SET,SE,25mmle,h,,M6,hardwa,family,family-example-kite,family example kite pottery sick fatigue update cliff agree chimney bullet audit,familyexamplekitepotterysickfatigueupdatecliffagree,ha,7E,family-example-kite-pottery-sick-fatigue-update-cliff-agree-chimney,HARDW,25,family_example,m6,,25_m,Set Screw,"family
example
kite
pottery
sick
fatigue",m6,M6,25_,familyexamplekite,family,25,9DG7E,family<br>example<br>kite<br>pottery<br>sick<br>fatigue,H,M6,SETSCR,25,h,H,family_example_kite_pottery,"family
example
kite
pottery
sick
fatigue
update
cliff
agree",HAR,family_example_kite_pottery_sick_fatigue_update_cliff_agree_chimney_bullet,HA,,set_screw_m6_25_mm_length,,,set_screw,S,"['train', 'pig', 'chicken']",setscr,F03,c4a,family example kite pottery sick fatigue update,25_M,family,ha,familyexamplekitepotterysickfatigueupdatecliffagreechimneybulletaudit,"['family', 'example', 'kite', 'pottery', 'sick', 'fatigue', 'update', 'cliff', 'agree', 'chimney', 'bullet', 'audit']",,setsc,SETSC,f03,type_diagram.png,hard,M,25mmlength,familyexamplekitepotterysickfatigue,,25_MM_LENGTH,SS625,family,M6,https://github.com/oomlout/oomlout_oomp_current_version_messy/tree/main/parts/hardware_set_screw_m6_25_mm_length,"family
example
kite
pottery
sick
fatigue
update
cliff",M6,25,m,family-example-kite-pottery-sick-fatigue,2,9dg,25MML,familyexamplekitepotterysickfatigueupdatecliffagreechimney,25_mm,m,[],har,25MMLE,family-example-kite-pottery-sick-fatigue-update-cliff-agree-chimney-bullet,m6,False,hardw,25_mm_,m6,family,family<br>example<br>kite<br>pottery<br>sick<br>fatigue<br>update<br>cliff,S,F03C4A,,6,familyexamplekitepottery,family example kite pottery sick fatigue,SE,25mmlength,family example kite pottery,sets,Set Screw,25_MM_,"family
example
kite
pottery
sick
fatigue
update
cliff
agree
chimney
bullet",[],family<br>example,Hardware,family_example_kite,har,family<br>example<br>kite<br>pottery<br>sick,family<br>example<br>kite<br>pottery<br>sick<br>fatigue<br>update<br>cliff<br>agree,f03c4a00282afdd14f63ea8ef6539a94,M6,,M6,Set Screw,se,,25mml,Set Screw M6X25 mm  (Bolt),Set Screw M6 25 mm Length,25,,SETS,f03c4a,se,familyexample,25,[hardware_set_screw_m6_25_mm_length](https://github.com/oomlout/oomlout_oomp_current_version_messy/tree/main/parts/hardware_set_screw_m6_25_mm_length)<br>[ss625](https://github.com/oomlout/oomlout_oomp_current_version_messy/tree/main/parts/hardware_set_screw_m6_25_mm_length)<br>[Hardware Set Screw M6 25 Mm Length](https://github.com/oomlout/oomlout_oomp_current_version_messy/tree/main/parts/hardware_set_screw_m6_25_mm_length)<br><br>,family example kite pottery sick fatigue update cliff,family_example_kite_pottery_sick_fatigue,M6,,SET,25M,,family<br>example<br>kite<br>pottery,m6,ss6m25,HARDW,family-example-kite-pottery-sick-fatigue-update-cliff-agree-chimney-bullet-audit,HAR
hardware_washer_m6,display churn question fit famous nominee poverty shy abuse series,display<br>churn<br>question<br>fit<br>famous<br>nominee<br>poverty<br>shy<br>abuse<br>series<br>inspire<br>accuse,display<br>churn<br>question,display_churn_question_fit_famous_nominee_poverty_shy_abuse_series,,M,,M6,,clap tractor briefcase,display churn question,,,displaychurnquestionfitfamousnomineepovertyshyabuseseriesinspire,HARDWA,m6,M6,w,display_churn_question_fit_famous_nominee_poverty,HA,,,display-churn-question-fit,,display-churn-question-fit-famous,displaychurnquestionfitfamousnomineepoverty,display_churn_question_fit_famous,m6,displaychurnquestionfitfamous,,,wash,display-churn,M6,,w,"[':clap:', ':tractor:', ':briefcase:']",6,,display<br>churn<br>question<br>fit<br>famous<br>nominee<br>poverty<br>shy<br>abuse<br>series<br>inspire,w,,,HARD,hard,washer,H,W,display churn,hardw,,display-churn-question-fit-famous-nominee-poverty-shy,"display
churn
question
fit
famous",,M6,1aeab10009,HARD,M6,"display
churn
question
fit
famous
nominee
poverty
shy
abuse
series",,display<br>churn<br>question<br>fit<br>famous<br>nominee<br>poverty<br>shy<br>abuse<br>series,was,WASHER,,,,M6,:clap: :tractor: :briefcase:,hardwa,"display
churn
question
fit
famous
nominee
poverty
shy
abuse
series
inspire
accuse",,,,h,display-churn-question-fit-famous-nominee-poverty,display churn question fit famous,m6,m6,m6,,,,m,oomp_hardware_washer_m6,[hardware_washer_m6](https://github.com/oomlout/oomlout_oomp_current_version_messy/tree/main/parts/hardware_washer_m6)<br><br>,WASH,display churn question fit famous nominee poverty shy abuse,display_churn_question_fit_famous_nominee_poverty_shy_abuse_series_inspire_accuse,M6,,,hardware,was,"display
churn
question
fit
famous
nominee
poverty",m6,M6,,1AEAB10009,m6,w6,WASHER,"display
churn
question",hardware_washer_m6,,1AEAB,"display
churn",display_churn_question_fit_famous_nominee_poverty_shy,,,displaychurnquestionfitfamousnomineepovertyshy,display churn question fit famous nominee poverty shy abuse series inspire,,Hardware Washer M6,M6,Hardware,HARDWA,display_churn_question_fit_famous_nominee_poverty_shy_abuse,M,11t4h,,https://github.com/oomlout/oomlout_oomp_part_src/tree/main/parts/hardware_washer_m6,parts/hardware_washer_m6,,display-churn-question-fit-famous-nominee-poverty-shy-abuse,"display
churn
question
fit",washe,,display<br>churn<br>question<br>fit<br>famous<br>nominee<br>poverty,1aeab,,WASHE,m6,HARDWARE,display,WAS,WA,,h,,,hardwa,display,display-churn-question,display churn question fit famous nominee poverty shy abuse series inspire accuse,displaychurnquestionfitfamousnomineepovertyshyabuse,ha,,display-churn-question-fit-famous-nominee-poverty-shy-abuse-series,HARDW, ,display_churn,m6,,,,"display
churn
question
fit
famous
nominee",m6,M6,,displaychurnquestion,display, ,11T4H,display<br>churn<br>question<br>fit<br>famous<br>nominee,H,M6,WASHER,,h,H,display_churn_question_fit,"display
churn
question
fit
famous
nominee
poverty
shy
abuse",HAR,display_churn_question_fit_famous_nominee_poverty_shy_abuse_series_inspire,HA,,washer_m6,,,washer,W,"['clap', 'tractor', 'briefcase']",washer,,,display churn question fit famous nominee poverty,,display,ha,displaychurnquestionfitfamousnomineepovertyshyabuseseriesinspireaccuse,"['display', 'churn', 'question', 'fit', 'famous', 'nominee', 'poverty', 'shy', 'abuse', 'series', 'inspire', 'accuse']",,washe,WASHE,,,hard,M,M6,displaychurnquestionfitfamousnominee,,,W6,display,M6,https://github.com/oomlout/oomlout_oomp_current_version_messy/tree/main/parts/hardware_washer_m6,"display
churn
question
fit
famous
nominee
poverty
shy",M6,,m,display-churn-question-fit-famous-nominee,,,,displaychurnquestionfitfamousnomineepovertyshyabuseseries,,m,[],har,,display-churn-question-fit-famous-nominee-poverty-shy-abuse-series-inspire,m6,False,hardw,,m6,display,display<br>churn<br>question<br>fit<br>famous<br>nominee<br>poverty<br>shy,W,1AEAB1,,6,displaychurnquestionfit,display churn question fit famous nominee,WA,m6,display churn question fit,wash,Washer,,"display
churn
question
fit
famous
nominee
poverty
shy
abuse
series
inspire",[],display<br>churn,Hardware,display_churn_question,har,display<br>churn<br>question<br>fit<br>famous,display<br>churn<br>question<br>fit<br>famous<br>nominee<br>poverty<br>shy<br>abuse,1aeab10009c7952257a9557d5f0a31fc,M6,,M6,Washer,wa,,,,Washer M6, ,,WASH,1aeab1,wa,displaychurn,,[hardware_washer_m6](https://github.com/oomlout/oomlout_oomp_current_version_messy/tree/main/parts/hardware_washer_m6)<br>[w6](https://github.com/oomlout/oomlout_oomp_current_version_messy/tree/main/parts/hardware_washer_m6)<br>[Hardware Washer M6](https://github.com/oomlout/oomlout_oomp_current_version_messy/tree/main/parts/hardware_washer_m6)<br><br>,display churn question fit famous nominee poverty shy,display_churn_question_fit_famous_nominee,M6,,WAS,,,display<br>churn<br>question<br>fit,m6,,HARDW,display-churn-question-fit-famous-nominee-poverty-shy-abuse-series-inspire-accuse,HAR
